path_reference,error
R149L-00,Echec après 3 tentatives : https://api.hubintent.com/api/assets/v1/assets/R149L-00
U985F-01,Echec après 3 tentatives : https://api.hubintent.com/api/assets/v1/assets/U985F-01
U987F,Echec après 3 tentatives : https://api.hubintent.com/api/assets/v1/assets/U987F
R191L-01,Echec après 3 tentatives : https://api.hubintent.com/api/assets/v1/assets/R191L-01
U980F,Echec après 3 tentatives : https://api.hubintent.com/api/assets/v1/assets/U980F
U983F-01-01,Echec après 3 tentatives : https://api.hubintent.com/api/assets/v1/assets/U983F-01-01
U980F-01,Echec après 3 tentatives : https://api.hubintent.com/api/assets/v1/assets/U980F-01
U983F,Echec après 3 tentatives : https://api.hubintent.com/api/assets/v1/assets/U983F
R149L-00-B,Echec après 3 tentatives : https://api.hubintent.com/api/assets/v1/assets/R149L-00-B
U985F,Echec après 3 tentatives : https://api.hubintent.com/api/assets/v1/assets/U985F
U988F-01,Echec après 3 tentatives : https://api.hubintent.com/api/assets/v1/assets/U988F-01
U980F-01-01,Echec après 3 tentatives : https://api.hubintent.com/api/assets/v1/assets/U980F-01-01
R191L-00,Echec après 3 tentatives : https://api.hubintent.com/api/assets/v1/assets/R191L-00
U983F-01,Echec après 3 tentatives : https://api.hubintent.com/api/assets/v1/assets/U983F-01
U985F-01-01,Echec après 3 tentatives : https://api.hubintent.com/api/assets/v1/assets/U985F-01-01
U987F-01-01,Echec après 3 tentatives : https://api.hubintent.com/api/assets/v1/assets/U987F-01-01
U988F-01-01,Echec après 3 tentatives : https://api.hubintent.com/api/assets/v1/assets/U988F-01-01
U988F,Echec après 3 tentatives : https://api.hubintent.com/api/assets/v1/assets/U988F
S640L-A-01,Echec après 3 tentatives : https://api.hubintent.com/api/assets/v1/assets/S640L-A-01
S640L-A,Echec après 3 tentatives : https://api.hubintent.com/api/assets/v1/assets/S640L-A
S090L-D,Echec après 3 tentatives : https://api.hubintent.com/api/assets/v1/assets/S090L-D
